{
    "path_count": 146,
    "parsed_path_count": 146,
    "static_analysis_path_count": 12,
    "static_analysis_parsed_path_count": 12,
    "is_partial_parse_enabled": true,
    "is_static_analysis_enabled": true,
    "read_files_elapsed": 0.011196999999810942,
    "load_macros_elapsed": 0.33318100000178674,
    "parse_project_elapsed": 0.23801104199810652,
    "patch_sources_elapsed": 0.010829999999259599,
    "process_manifest_elapsed": 0.017389541993907187,
    "load_all_elapsed": 0.6912774170050398,
    "projects": [
        {
            "project_name": "capstone_monthly",
            "elapsed": 0.23434304100373993,
            "parsers": [
                {
                    "parser": "model",
                    "elapsed": 0.09285779199854005,
                    "parsed_path_count": 12
                },
                {
                    "parser": "test",
                    "elapsed": 0.13991325000097277,
                    "parsed_path_count": 3
                }
            ],
            "parsed_path_count": 15
        },
        {
            "project_name": "dbt_duckdb",
            "elapsed": 0.0018999579988303594,
            "parsers": [],
            "parsed_path_count": 0
        },
        {
            "project_name": "dbt",
            "elapsed": 0.001704083006188739,
            "parsers": [
                {
                    "parser": "doc",
                    "elapsed": 0.00012512499961303547,
                    "parsed_path_count": 1
                }
            ],
            "parsed_path_count": 1
        }
    ]
}